Beam Energy (MeV),TNR
0.73,0.016986
0.5,0.014203
0.74,0.016438
1.4,0.019696
0.97,0.01458
0.72,0.014839
0.9,0.016459
0.95,0.017276
1.2,0.01485
0.96,0.019595
0.98,0.018827
0.991,0.014782
0.91,0.013843
0.2,0.010571
0.94,0.01483
1.1,0.018047
0.8,0.011904
0.99,0.014853
0.6,0.016351
0.7,0.017034
0.75,0.013829
0.1,0.007786
0.92,0.015281
0.93,0.015819
1.3,0.015879
0.3,0.014641
1.5,0.019211
0.71,0.017675
