Beam Energy (MeV),TNR
400,0.0
200,0.0
80,0.0
40,0.0
70,0.0
3080,0.143226
250,0.0
500,0.0
150,0.0
2500,0.0
10,0.0
3090,0.136456
90,0.0
300,0.0
60,0.0
100,0.0
3050,0.129595
4000,0.024423
1500,0.0
1000,0.0
20,0.0
5000,0.021294
30,0.0
3000,0.047345
3060,0.138818
2000,0.0
50,0.0
5,0.0
3070,0.144128
